Prompt;Llama-8
"System Message:
        You are a logician with a background in mathematics that translates natural language
        reasoning text to Python3 code so that these natural language reasoning problems can be solved.
        During the translation, please pay close attention to defining variables and rules.
        Do not add any comments from you.
        Take care to call the same parameters in different functions by different names,
        so that the final function takes the number of parameters equal to the sum of all parameters used in the object but not lower.
        Be guided by the following example:
        Example input text:
        Textual context: If the parameter A's value is 20, the lowest possible value of parameter B is 5.
If the parameter C's value is 20, the lowest possible value of parameter D is 40.

        Example Python3 code:
        # If the parameter A's value is 20, the lowest possible value of parameter B is 5.
def r1(a: float, b: float) -> bool:
    if b / a >= 0.25:
        return True
    else:
        return False

# If the parameter C's value is 20, the lowest possible value of parameter D is 40.
def r2(c: float, d: float) -> bool:
    if d / c >= 2:
        return True
    else:
        return False

# To identify the day as abnormal, it is enough that even one or more conditions are violated.
def r3(x1: float, x2: float, x3: float, x4: float) -> bool:
   return not (r1(x1 x2) and r2(x3 x4))
        
Input text:
Textual context: The weight on axle 1 cannot surpass the weight on axle 3.
The payload cannot exceed the capacity of axle 2.
To identify the day as abnormal, it is enough that even one or more conditions are violated.";"

# The weight on axle 1 cannot surpass the weight on axle 3.
def r1(a1: float, a3: float) -> bool:
    if a1 >= a3:
        return True
    else:
        return False

# The payload cannot exceed the capacity of axle 2.
def r2(a2: float) -> bool:
    if a2 < 0:
        return True
    else:
        return False

# To identify the day as abnormal, it is enough that even one or more conditions are violated.
def r3(a1: float, a2: float, a3: float) -> bool:
    return r1(a1, a3) or r2(a2)"
"System Message:
        You are a logician with a background in mathematics that translates natural language
        reasoning text to Python3 code so that these natural language reasoning problems can be solved.
        During the translation, please pay close attention to defining variables and rules.
        Do not add any comments from you.
        Take care to call the same parameters in different functions by different names,
        so that the final function takes the number of parameters equal to the sum of all parameters used in the object but not lower.
        Be guided by the following example:
        Example input text:
        Textual context: If the parameter A's value is 20, the lowest possible value of parameter B is 5.
If the parameter C's value is 20, the lowest possible value of parameter D is 40.
Parameter E's value cannot be less than parameter F's value.

        Example Python3 code:
        # If the parameter A's value is 20, the lowest possible value of parameter B is 5.
def r1(a: float, b: float) -> bool:
    if b / a >= 0.25:
        return True
    else:
        return False

# If the parameter C's value is 20, the lowest possible value of parameter D is 40.
def r2(c: float, d: float) -> bool:
    if d / c >= 2:
        return True
    else:
        return False

# Parameter E's value cannot be less than parameter F's value.
def r3(e: float, f: float) -> bool:
    if e >= f:
        return True
    else:
        return False

# To identify the day as abnormal, it is enough that even one or more conditions are violated.
def r4(x1: float, x2: float, x3: float, x4: float, x5: float, x6: float) -> bool:
   return not (r1(x1 x2) and r2(x3 x4) and r3(x5 x6))
        
Input text:
Textual context: Stops with PTO engaged should never outnumber total stops.
Payload must remain below or equal to the load carried by axle 2.
Payload must remain below or equal to the load carried by axle 3.
To identify the day as abnormal, it is enough that even one or more conditions are violated.";"

# Stops with PTO engaged should never outnumber total stops.
def r1(a: float, b: float) -> bool:
    if a >= b:
        return True
    else:
        return False

# Payload must remain below or equal to the load carried by axle 2.
def r2(p: float, l2: float) -> bool:
    if p <= l2:
        return True
    else:
        return False

# Payload must remain below or equal to the load carried by axle 3.
def r3(p: float, l3: float) -> bool:
    if p <= l3:
        return True
    else:
        return False

# To identify the day as abnormal, it is enough that even one or more conditions are violated.
def r4(x1: float, x2: float, p: float, l2: float, l3: float) -> bool:
    return not (r1(x1, x2) and r2(p, l2) and r3(p, l3))"
"System Message:
        You are a logician with a background in mathematics that translates natural language
        reasoning text to Python3 code so that these natural language reasoning problems can be solved.
        During the translation, please pay close attention to defining variables and rules.
        Do not add any comments from you.
        Take care to call the same parameters in different functions by different names,
        so that the final function takes the number of parameters equal to the sum of all parameters used in the object but not lower.
        Be guided by the following example:
        Example input text:
        Textual context: If the parameter A's value is 20, the lowest possible value of parameter B is 5.
If the parameter C's value is 20, the lowest possible value of parameter D is 40.
Parameter E's value cannot be less than parameter F's value.
Parameter G's value cannot be less than parameter H's value.

        Example Python3 code:
        # If the parameter A's value is 20, the lowest possible value of parameter B is 5.
def r1(a: float, b: float) -> bool:
    if b / a >= 0.25:
        return True
    else:
        return False

# If the parameter C's value is 20, the lowest possible value of parameter D is 40.
def r2(c: float, d: float) -> bool:
    if d / c >= 2:
        return True
    else:
        return False

# Parameter E's value cannot be less than parameter F's value.
def r3(e: float, f: float) -> bool:
    if e >= f:
        return True
    else:
        return False

# Parameter G's value cannot be less than parameter H's value.
def r4(g: float, h: float) -> bool:
    if g >= h:
        return True
    else:
        return False

# To identify the day as abnormal, it is enough that even one or more conditions are violated.
def r5(x1: float, x2: float, x3: float, x4: float, x5: float, x6: float, x7: float, x8: float) -> bool:
   return not (r1(x1 x2) and r2(x3 x4) and r3(x5 x6) and r4(x7 x8))
        
Input text:
Textual context: The vehicle’s average hourly fuel consumption cannot be less than 5 dm³/h, provided that it traveled at least 20 km.
Total operation time should exceed driving time.
The payload must not exceed the load carried by axle 3.
The total operation duration must always be greater than or equal to the combined time for PTO, idle, and driving.
To identify the day as abnormal, it is enough that even one or more conditions are violated.";"

Here is the Python3 code translation of the given natural language text:

```
# The vehicle's average hourly fuel consumption cannot be less than 5 dm³/h, provided that it traveled at least 20 km.
def r1(f: float, t: float) -> bool:
    if f >= 5 and t >= 20:
        return True
    else:
        return False

# Total operation time should exceed driving time.
def r2(t1: float, t2: float) -> bool:
    if t1 > t2:
        return True
    else:
        return False

# The payload must not exceed the load carried by axle 3.
def r3(p: float, ax3: float) -> bool:
    if p <= ax3:
        return True
    else:
        return False

# The total operation duration must always be greater than or equal to the combined time for PTO, idle, and driving.
def r4(t1: float, pto: float, idle: float, d: float) -> bool:
    if t1 >= pto + idle + d:
        return True
    else:
        return False

# To identify the day as abnormal, it is enough that even one or more conditions are violated.
def r5(f: float, t: float, t1: float, p: float, ax3: float, pto: float, idle: float, d: float) -> bool:
    return not (r1(f, t) and r2(t1, t) and r3(p, ax3) and r4(t1, pto, idle, d))
```"
"System Message:
        You are a logician with a background in mathematics that translates natural language
        reasoning text to Python3 code so that these natural language reasoning problems can be solved.
        During the translation, please pay close attention to defining variables and rules.
        Do not add any comments from you.
        Take care to call the same parameters in different functions by different names,
        so that the final function takes the number of parameters equal to the sum of all parameters used in the object but not lower.
        Be guided by the following example:
        Example input text:
        Textual context: If the parameter A's value is 20, the lowest possible value of parameter B is 5.
If the parameter C's value is 20, the lowest possible value of parameter D is 40.
Parameter E's value cannot be less than parameter F's value.
Parameter G's value cannot be less than parameter H's value.
Parameter I's value cannot be less than parameter J's value.

        Example Python3 code:
        # If the parameter A's value is 20, the lowest possible value of parameter B is 5.
def r1(a: float, b: float) -> bool:
    if b / a >= 0.25:
        return True
    else:
        return False

# If the parameter C's value is 20, the lowest possible value of parameter D is 40.
def r2(c: float, d: float) -> bool:
    if d / c >= 2:
        return True
    else:
        return False

# Parameter E's value cannot be less than parameter F's value.
def r3(e: float, f: float) -> bool:
    if e >= f:
        return True
    else:
        return False

# Parameter G's value cannot be less than parameter H's value.
def r4(g: float, h: float) -> bool:
    if g >= h:
        return True
    else:
        return False

# Parameter I's value cannot be less than parameter J's value.
def r5(i: float, j: float) -> bool:
    if i >= j:
        return True
    else:
        return False

# To identify the day as abnormal, it is enough that even one or more conditions are violated.
def r6(x1: float, x2: float, x3: float, x4: float, x5: float, x6: float, x7: float, x8: float, x9: float, x10: float) -> bool:
   return not (r1(x1 x2) and r2(x3 x4) and r3(x5 x6) and r4(x7 x8) and r5(x9 x10))
        
Input text:
Textual context: The total operation duration must always exceed the PTO operation time.
Total operation time should exceed idle time.
The number of stops where PTO is engaged must not exceed the overall stop count.
The weight on axle 1 cannot surpass the weight on axle 2.
Total operation time should be at least the sum of PTO, idle, and driving times.
To identify the day as abnormal, it is enough that even one or more conditions are violated.";"

# If the total operation duration must always exceed the PTO operation time.
def r1(total_operation_time: float, pto_operation_time: float) -> bool:
    if total_operation_time > pto_operation_time:
        return True
    else:
        return False

# Total operation time should exceed idle time.
def r2(total_operation_time: float, idle_time: float) -> bool:
    if total_operation_time > idle_time:
        return True
    else:
        return False

# The number of stops where PTO is engaged must not exceed the overall stop count.
def r3(engaged_stops: float, overall_stops: float) -> bool:
    if engaged_stops <= overall_stops:
        return True
    else:
        return False

# The weight on axle 1 cannot surpass the weight on axle 2.
def r4(weight_axle1: float, weight_axle2: float) -> bool:
    if weight_axle1 <= weight_axle2:
        return True
    else:
        return False

# Total operation time should be at least the sum of PTO, idle, and driving times.
def r5(pto_time: float, idle_time: float, driving_time: float) -> bool:
    if pto_time + idle_time + driving_time <= total_operation_time:
        return True
    else:
        return False

# To identify the day as abnormal, it is enough that even one or more conditions are violated.
def r6(total_operation_time: float, pto_operation_time: float, idle_time: float, engaged_stops: float, overall_stops: float, weight_axle1: float, weight_axle2: float, pto_time: float, idle_time: float, driving_time: float) -> bool:
    return not (r1(total_operation_time, pto_operation_time) and r2(total_operation_time, idle_time) and r3(engaged_stops, overall_stops) and r4(weight_axle1, weight_axle2) and r5(pto_time, idle_time, driving_time))"
"System Message:
        You are a logician with a background in mathematics that translates natural language
        reasoning text to Python3 code so that these natural language reasoning problems can be solved.
        During the translation, please pay close attention to defining variables and rules.
        Do not add any comments from you.
        Take care to call the same parameters in different functions by different names,
        so that the final function takes the number of parameters equal to the sum of all parameters used in the object but not lower.
        Be guided by the following example:
        Example input text:
        Textual context: If the parameter A's value is 20, the lowest possible value of parameter B is 5.
If the parameter C's value is 20, the lowest possible value of parameter D is 40.
Parameter E's value cannot be less than parameter F's value.
Parameter G's value cannot be less than parameter H's value.
Parameter I's value cannot be less than parameter J's value.
Parameter K's value cannot be less than parameter L's value.

        Example Python3 code:
        # If the parameter A's value is 20, the lowest possible value of parameter B is 5.
def r1(a: float, b: float) -> bool:
    if b / a >= 0.25:
        return True
    else:
        return False

# If the parameter C's value is 20, the lowest possible value of parameter D is 40.
def r2(c: float, d: float) -> bool:
    if d / c >= 2:
        return True
    else:
        return False

# Parameter E's value cannot be less than parameter F's value.
def r3(e: float, f: float) -> bool:
    if e >= f:
        return True
    else:
        return False

# Parameter G's value cannot be less than parameter H's value.
def r4(g: float, h: float) -> bool:
    if g >= h:
        return True
    else:
        return False

# Parameter I's value cannot be less than parameter J's value.
def r5(i: float, j: float) -> bool:
    if i >= j:
        return True
    else:
        return False

# Parameter K's value cannot be less than parameter L's value.
def r6(k: float, l: float) -> bool:
    if k >= l:
        return True
    else:
        return False

# To identify the day as abnormal, it is enough that even one or more conditions are violated.
def r7(x1: float, x2: float, x3: float, x4: float, x5: float, x6: float, x7: float, x8: float, x9: float, x10: float, x11: float, x12: float) -> bool:
   return not (r1(x1 x2) and r2(x3 x4) and r3(x5 x6) and r4(x7 x8) and r5(x9 x10) and r6(x11 x12))
        
Input text:
Textual context: When the vehicle has traveled a minimum of 20 km, the lowest average hourly fuel consumption is 5 dm³/h.
PTO operation time must always be less than total operation time.
Driving time must always be less than total operation time.
PTO-engaged stops cannot exceed the total number of stops.
Axle 2's load must always be equal to or greater than the payload.
Payload must remain below or equal to the load carried by axle 3.
To identify the day as abnormal, it is enough that even one or more conditions are violated.";"

# When the vehicle has traveled a minimum of 20 km, the lowest average hourly fuel consumption is 5 dm³/h.
def r1(x1: float, x2: float) -> bool:
    if x2 / x1 >= 0.25:
        return True
    else:
        return False

# PTO operation time must always be less than total operation time.
def r2(x3: float, x4: float) -> bool:
    if x3 <= x4:
        return True
    else:
        return False

# Driving time must always be less than total operation time.
def r3(x5: float, x6: float) -> bool:
    if x5 <= x6:
        return True
    else:
        return False

# PTO-engaged stops cannot exceed the total number of stops.
def r4(x7: float, x8: float) -> bool:
    if x7 <= x8:
        return True
    else:
        return False

# Axle 2's load must always be equal to or greater than the payload.
def r5(x9: float, x10: float) -> bool:
    if x9 >= x10:
        return True
    else:
        return False

# Payload must remain below or equal to the load carried by axle 3.
def r6(x11: float, x12: float) -> bool:
    if x11 <= x12:
        return True
    else:
        return False

# To identify the day as abnormal, it is enough that even one or more conditions are violated.
def r7(x1: float, x2: float, x3: float, x4: float, x5: float, x6: float, x7: float, x8: float, x9: float, x10: float, x11: float, x12: float) -> bool:
    return not (r1(x1, x2) and r2(x3, x4) and r3(x5, x6) and r4(x7, x8) and r5(x9, x10) and r6(x11, x12))"
"System Message:
        You are a logician with a background in mathematics that translates natural language
        reasoning text to Python3 code so that these natural language reasoning problems can be solved.
        During the translation, please pay close attention to defining variables and rules.
        Do not add any comments from you.
        Take care to call the same parameters in different functions by different names,
        so that the final function takes the number of parameters equal to the sum of all parameters used in the object but not lower.
        Be guided by the following example:
        Example input text:
        Textual context: If the parameter A's value is 20, the lowest possible value of parameter B is 5.
If the parameter C's value is 20, the lowest possible value of parameter D is 40.
Parameter E's value cannot be less than parameter F's value.
Parameter G's value cannot be less than parameter H's value.
Parameter I's value cannot be less than parameter J's value.
Parameter K's value cannot be less than parameter L's value.
Parameter M's value cannot be greater than parameter N's value.

        Example Python3 code:
        # If the parameter A's value is 20, the lowest possible value of parameter B is 5.
def r1(a: float, b: float) -> bool:
    if b / a >= 0.25:
        return True
    else:
        return False

# If the parameter C's value is 20, the lowest possible value of parameter D is 40.
def r2(c: float, d: float) -> bool:
    if d / c >= 2:
        return True
    else:
        return False

# Parameter E's value cannot be less than parameter F's value.
def r3(e: float, f: float) -> bool:
    if e >= f:
        return True
    else:
        return False

# Parameter G's value cannot be less than parameter H's value.
def r4(g: float, h: float) -> bool:
    if g >= h:
        return True
    else:
        return False

# Parameter I's value cannot be less than parameter J's value.
def r5(i: float, j: float) -> bool:
    if i >= j:
        return True
    else:
        return False

# Parameter K's value cannot be less than parameter L's value.
def r6(k: float, l: float) -> bool:
    if k >= l:
        return True
    else:
        return False

# Parameter M's value cannot be greater than parameter N's value.
def r7(m: float, n: float) -> bool:
    if m <= n:
        return True
    else:
        return False

# To identify the day as abnormal, it is enough that even one or more conditions are violated.
def r8(x1: float, x2: float, x3: float, x4: float, x5: float, x6: float, x7: float, x8: float, x9: float, x10: float, x11: float, x12: float, x13: float, x14: float) -> bool:
   return not (r1(x1 x2) and r2(x3 x4) and r3(x5 x6) and r4(x7 x8) and r5(x9 x10) and r6(x11 x12) and r7(x13 x14))
        
Input text:
Textual context: The minimum average fuel consumption per distance, given that the vehicle has traveled at least 20 km, is 40 dm³/100 km.
Idle time cannot be greater than the total operation time.
Driving time must always be less than total operation time.
PTO-engaged stops cannot exceed the total number of stops.
The load on axle 1 must not surpass the load on axle 2.
The weight on axle 1 cannot surpass the weight on axle 3.
Payload must remain below or equal to the load carried by axle 3.
To identify the day as abnormal, it is enough that even one or more conditions are violated.";"

# If the vehicle has traveled at least 20 km, the minimum average fuel consumption per distance is 40 dm³/100 km.
def r1(km: float, consumption: float) -> bool:
    if consumption / km >= 0.4:
        return True
    else:
        return False

# Idle time cannot be greater than the total operation time.
def r2(idle: float, total: float) -> bool:
    if idle <= total:
        return True
    else:
        return False

# Driving time must always be less than total operation time.
def r3(driving: float, total: float) -> bool:
    if driving < total:
        return True
    else:
        return False

# PTO-engaged stops cannot exceed the total number of stops.
def r4(PTO_stops: float, total_stops: float) -> bool:
    if PTO_stops <= total_stops:
        return True
    else:
        return False

# The load on axle 1 must not surpass the load on axle 2.
def r5(axle1: float, axle2: float) -> bool:
    if axle1 <= axle2:
        return True
    else:
        return False

# The weight on axle 1 cannot surpass the weight on axle 3.
def r6(axle1: float, axle3: float) -> bool:
    if axle1 <= axle3:
        return True
    else:
        return False

# Payload must remain below or equal to the load carried by axle 3.
def r7(payload: float, axle3: float) -> bool:
    if payload <= axle3:
        return True
    else:
        return False

# To identify the day as abnormal, it is enough that even one or more conditions are violated.
def r8(km: float, consumption: float, idle: float, total: float, driving: float, PTO_stops: float, total_stops, axle1: float, axle2: float, axle3: float, payload: float) -> bool:
    return not (r1(km, consumption) and r2(idle, total) and r3(driving, total) and r4(PTO_stops, total_stops) and r5(axle1, axle2) and r6(axle1, axle3) and r7(payload, axle3))"
"System Message:
        You are a logician with a background in mathematics that translates natural language
        reasoning text to Python3 code so that these natural language reasoning problems can be solved.
        During the translation, please pay close attention to defining variables and rules.
        Do not add any comments from you.
        Take care to call the same parameters in different functions by different names,
        so that the final function takes the number of parameters equal to the sum of all parameters used in the object but not lower.
        Be guided by the following example:
        Example input text:
        Textual context: If the parameter A's value is 20, the lowest possible value of parameter B is 5.
If the parameter C's value is 20, the lowest possible value of parameter D is 40.
Parameter E's value cannot be less than parameter F's value.
Parameter G's value cannot be less than parameter H's value.
Parameter I's value cannot be less than parameter J's value.
Parameter K's value cannot be less than parameter L's value.
Parameter M's value cannot be greater than parameter N's value.
Parameter O's value cannot be greater than parameter P's value.

        Example Python3 code:
        # If the parameter A's value is 20, the lowest possible value of parameter B is 5.
def r1(a: float, b: float) -> bool:
    if b / a >= 0.25:
        return True
    else:
        return False

# If the parameter C's value is 20, the lowest possible value of parameter D is 40.
def r2(c: float, d: float) -> bool:
    if d / c >= 2:
        return True
    else:
        return False

# Parameter E's value cannot be less than parameter F's value.
def r3(e: float, f: float) -> bool:
    if e >= f:
        return True
    else:
        return False

# Parameter G's value cannot be less than parameter H's value.
def r4(g: float, h: float) -> bool:
    if g >= h:
        return True
    else:
        return False

# Parameter I's value cannot be less than parameter J's value.
def r5(i: float, j: float) -> bool:
    if i >= j:
        return True
    else:
        return False

# Parameter K's value cannot be less than parameter L's value.
def r6(k: float, l: float) -> bool:
    if k >= l:
        return True
    else:
        return False

# Parameter M's value cannot be greater than parameter N's value.
def r7(m: float, n: float) -> bool:
    if m <= n:
        return True
    else:
        return False

# Parameter O's value cannot be greater than parameter P's value.
def r8(o: float, p: float) -> bool:
    if o <= p:
        return True
    else:
        return False

# To identify the day as abnormal, it is enough that even one or more conditions are violated.
def r9(x1: float, x2: float, x3: float, x4: float, x5: float, x6: float, x7: float, x8: float, x9: float, x10: float, x11: float, x12: float, x13: float, x14: float, x15: float, x16: float) -> bool:
   return not (r1(x1 x2) and r2(x3 x4) and r3(x5 x6) and r4(x7 x8) and r5(x9 x10) and r6(x11 x12) and r7(x13 x14) and r8(x15 x16))
        
Input text:
Textual context: The vehicle’s average hourly fuel consumption cannot be less than 5 dm³/h, provided that it traveled at least 20 km.
When the vehicle travels 20 km or more, the average fuel consumption per distance is at least 40 dm³/100 km.
PTO operation time must always be less than total operation time.
Total operation time should exceed idle time.
Driving time must always be less than total operation time.
Stops with PTO engaged should never outnumber total stops.
Axle 1's load cannot exceed Axle 2's load.
Payload must remain below or equal to the load carried by axle 3.
To identify the day as abnormal, it is enough that even one or more conditions are violated.";"

```
# The vehicle's average hourly fuel consumption cannot be less than 5 dm³/h, provided that it traveled at least 20 km.
def r1(f: float, d: float) -> bool:
    if d >= 20 and f >= 0.5:
        return True
    else:
        return False

# When the vehicle travels 20 km or more, the average fuel consumption per distance is at least 40 dm³/100 km.
def r2(d: float, e: float) -> bool:
    if d >= 20 and e >= 0.4:
        return True
    else:
        return False

# PTO operation time must always be less than total operation time.
def r3(t: float, p: float) -> bool:
    if p < t:
        return True
    else:
        return False

# Total operation time should exceed idle time.
def r4(t: float, i: float) -> bool:
    if t > i:
        return True
    else:
        return False

# Driving time must always be less than total operation time.
def r5(d: float, t: float) -> bool:
    if d < t:
        return True
    else:
        return False

# Stops with PTO engaged should never outnumber total stops.
def r6(s: float, p: float) -> bool:
    if s <= p:
        return True
    else:
        return False

# Axle 1's load cannot exceed Axle 2's load.
def r7(l1: float, l2: float) -> bool:
    if l1 <= l2:
        return True
    else:
        return False

# Payload must remain below or equal to the load carried by axle 3.
def r8(p: float, l3: float) -> bool:
    if p <= l3:
        return True
    else:
        return False

# To identify the day as abnormal, it is enough that even one or more conditions are violated.
def r9(f: float, d: float, t: float, i: float, d1: float, p1: float, s1: float, l1: float, p2: float, l3: float) -> bool:
    return not (r1(f, d) and r2(d, 0.4) and r3(t, p1) and r4(t, i) and r5(d1, t) and r6(s1, p1) and r7(l1, p2) and r8(p2, l3))
```"
"System Message:
        You are a logician with a background in mathematics that translates natural language
        reasoning text to Python3 code so that these natural language reasoning problems can be solved.
        During the translation, please pay close attention to defining variables and rules.
        Do not add any comments from you.
        Take care to call the same parameters in different functions by different names,
        so that the final function takes the number of parameters equal to the sum of all parameters used in the object but not lower.
        Be guided by the following example:
        Example input text:
        Textual context: If the parameter A's value is 20, the lowest possible value of parameter B is 5.
If the parameter C's value is 20, the lowest possible value of parameter D is 40.
Parameter E's value cannot be less than parameter F's value.
Parameter G's value cannot be less than parameter H's value.
Parameter I's value cannot be less than parameter J's value.
Parameter K's value cannot be less than parameter L's value.
Parameter M's value cannot be greater than parameter N's value.
Parameter O's value cannot be greater than parameter P's value.
Parameter R's value cannot be greater than parameter S's value.

        Example Python3 code:
        # If the parameter A's value is 20, the lowest possible value of parameter B is 5.
def r1(a: float, b: float) -> bool:
    if b / a >= 0.25:
        return True
    else:
        return False

# If the parameter C's value is 20, the lowest possible value of parameter D is 40.
def r2(c: float, d: float) -> bool:
    if d / c >= 2:
        return True
    else:
        return False

# Parameter E's value cannot be less than parameter F's value.
def r3(e: float, f: float) -> bool:
    if e >= f:
        return True
    else:
        return False

# Parameter G's value cannot be less than parameter H's value.
def r4(g: float, h: float) -> bool:
    if g >= h:
        return True
    else:
        return False

# Parameter I's value cannot be less than parameter J's value.
def r5(i: float, j: float) -> bool:
    if i >= j:
        return True
    else:
        return False

# Parameter K's value cannot be less than parameter L's value.
def r6(k: float, l: float) -> bool:
    if k >= l:
        return True
    else:
        return False

# Parameter M's value cannot be greater than parameter N's value.
def r7(m: float, n: float) -> bool:
    if m <= n:
        return True
    else:
        return False

# Parameter O's value cannot be greater than parameter P's value.
def r8(o: float, p: float) -> bool:
    if o <= p:
        return True
    else:
        return False

# Parameter R's value cannot be greater than parameter S's value.
def r9(r: float, s: float) -> bool:
    if r <= s:
        return True
    else:
        return False

# To identify the day as abnormal, it is enough that even one or more conditions are violated.
def r10(x1: float, x2: float, x3: float, x4: float, x5: float, x6: float, x7: float, x8: float, x9: float, x10: float, x11: float, x12: float, x13: float, x14: float, x15: float, x16: float, x17: float, x18: float) -> bool:
   return not (r1(x1 x2) and r2(x3 x4) and r3(x5 x6) and r4(x7 x8) and r5(x9 x10) and r6(x11 x12) and r7(x13 x14) and r8(x15 x16) and r9(x17 x18))
        
Input text:
Textual context: The vehicle's minimum average fuel consumption per 100 km, if it travels 20 km or more, is 40 dm³/100 km.
Total operation time should exceed PTO operation time.
Idle time should be less than or equal to the total operation time.
Driving time should be less than or equal to the total operation time.
Stops with PTO engaged cannot outnumber the total stops.
The load carried by axle 1 must be smaller than or equal to the load on axle 3.
The payload cannot exceed the capacity of axle 2.
Axle 3's load must always be equal to or greater than the payload.
Total operation time should be at least the sum of PTO, idle, and driving times.
To identify the day as abnormal, it is enough that even one or more conditions are violated.";"

Here is the equivalent Python3 code:

```
# The vehicle's minimum average fuel consumption per 100 km, if it travels 20 km or more, is 40 dm³/100 km.
def r1(fuel_consumption: float, distance: float) -> bool:
    if distance >= 20 and fuel_consumption < 40:
        return True
    else:
        return False

# Total operation time should exceed PTO operation time.
def r2(total_operation_time: float, pto_operation_time: float) -> bool:
    if total_operation_time > pto_operation_time:
        return True
    else:
        return False

# Idle time should be less than or equal to the total operation time.
def r3(idle_time: float, total_operation_time: float) -> bool:
    if idle_time <= total_operation_time:
        return True
    else:
        return False

# Driving time should be less than or equal to the total operation time.
def r4(driving_time: float, total_operation_time: float) -> bool:
    if driving_time <= total_operation_time:
        return True
    else:
        return False

# Stops with PTO engaged cannot outnumber the total stops.
def r5(total_stops: float, pto_stops: float) -> bool:
    if total_stops >= pto_stops:
        return True
    else:
        return False

# The load carried by axle 1 must be smaller than or equal to the load on axle 3.
def r6(axle1_load: float, axle3_load: float) -> bool:
    if axle1_load <= axle3_load:
        return True
    else:
        return False

# The payload cannot exceed the capacity of axle 2.
def r7(payload: float, axle2_capacity: float) -> bool:
    if payload <= axle2_capacity:
        return True
    else:
        return False

# Axle 3's load must always be equal to or greater than the payload.
def r8(axle3_load: float, payload: float) -> bool:
    if axle3_load >= payload:
        return True
    else:
        return False

# Total operation time should be at least the sum of PTO, idle, and driving times.
def r9(total_operation_time: float, pto_operation_time: float, idle_time: float, driving_time: float) -> bool:
    if total_operation_time >= pto_operation_time + idle_time + driving_time:
        return True
    else:
        return False

# To identify the day as abnormal, it is enough that even one or more conditions are violated.
def r10(x1: float, x2: float, x3: float, x4: float, x5: float, x6: float, x7: float, x8: float, x9: float, x10: float, x11: float, x12: float, x13: float) -> bool:
    return not (r1(x1, x2) and r2(x3, x4) and r3(x5, x6) and r4(x7, x8) and r5(x9, x10) and r6(x11, x12) and r7(x13, x14) and r8(x15, x16) and r9(x17, x18, x19, x20))"
